{
    "Accuracy": 0.4834170854271357,
    "Precision": 0.47708333333333336,
    "Recall": 0.4654471544715447,
    "F1": 0.4711934156378601,
    "ROC_AUC": 0.47519961531623267
}